k,inertia,silhouette
2,4013.0808678376225,0.2846947184106845
3,2842.031813554696,0.337845572034205
4,2074.5152361310875,0.3814481794265421
5,1686.2774780556288,0.3963048039607726
6,1568.6785925257336,0.3580301255092095
7,1463.2861620314634,0.32425625190425683
8,1389.731918597673,0.30862765111767143
