model,accuracy,precision,recall,f1,roc_auc,average_precision
Logistic Regression,0.7891156462585034,0.4175824175824176,0.8085106382978723,0.5507246376811594,0.8653630803686795,0.683896476278486
Random Forest,0.8469387755102041,0.5277777777777778,0.40425531914893614,0.4578313253012048,0.8412438625204582,0.5829848264194509
