metric,value
accuracy,0.9412452499269219
error_rate,0.058754750073078066
sensitivity,0.6971490048413125
specificity,0.9952403617325083
precision,0.9700598802395209
f1_score,0.8112676056338027
roc_auc,0.8947981685505941
